pdf,publication_type,paper_type,score,justification,evidence_quotes,retrieved_pages,retrieved_chunk_ids,has_objective_chunk,has_method_chunk,n_retrieved,warning,json_path,error
10.21203_rs.3.rs-7693403_v1.pdf,preprint,original research,3,"The paper clearly states its primary and secondary objectives regarding the effect of time from diagnosis to surgery on survival, and provides comprehensive methodology details.",[1] chunk_id=0; pages=[1]; quote=The primary aim of this study was to determine what effect time from diagnosis to surgery had on overall survival in patients undergoing potentially curable bowel resections for colonic cancer. || [2] chunk_id=2; pages=[5]; quote=Data was analysed using the Chi-squared test for categorical variables or one-way ANOVA test for continuous variables.,"[[1, 2, 3], [3, 4], [6, 7, 8], [4, 5, 6], [8, 9, 10]]","[0, 1, 4, 2, 5]",True,True,5,,batch_json_results/10.21203_rs.3.rs-7693403_v1.json,
10.21203_rs.3.rs-7974126_v1.pdf,preprint,review,3,"The review has a clear objective of synthesizing studies on human mobility diversity and follows a structured methodology for literature review, explicitly adhering to PRISMA guidelines.","[1] chunk_id=0; pages=[1]; quote=This literature review synthesizes 212 studies from 1903 to 2025 across multiple disciplines, examining the evolution of human mobility diversity research. || [2] chunk_id=0; pages=[2]; quote=Adhering to PRISMA (Preferred Reporting Items for Systematic Reviews and Meta-Analyses) guidelines, the methodology ensures transparency, reproducibility, and interdisciplinary rigor.","[[3, 4, 5], [2, 3], [9, 10, 11, 12], [1, 2, 3], [25, 26]]","[2, 1, 9, 0, 26]",True,True,5,,batch_json_results/10.21203_rs.3.rs-7974126_v1.json,
10.21203_rs.3.rs-8368751_v1.pdf,preprint,original research,3,"The study has a clear objective of describing long-term clinical and safety outcomes for patients enrolled in the FROST trial, supported by detailed methodology including patient enrollment, treatment plans, and outcome measures.",[1] chunk_id=1; pages=[3]; quote=The purpose of this study is to describe the long-term clinical and safety outcomes for patients enrolled in the FROST trial. || [2] chunk_id=1; pages=[3]; quote=FROST enrolled patients from 2016 to 2019 from 32 CARRA sites throughout the US and Canada. || [3] chunk_id=1; pages=[4]; quote=The primary study outcome was achievement of CID according to the Wallace/American College of Rheumatology provisional criteria without use of glucocorticoids at 24- and 36-months.,"[[3, 4], [1, 2, 3], [4, 5, 6, 7], [8, 9, 10], [10, 11, 12], [6, 7, 8, 9], [13, 14], [11, 12, 13]]","[1, 0, 2, 4, 5, 3, 7, 6]",False,True,8,,batch_json_results/10.21203_rs.3.rs-8368751_v1.json,
10.21203_rs.3.rs-8413859_v1.pdf,preprint,qualitative study,3,"The study has a clear objective and a well-defined methodology, with explicit details on participant recruitment, session structure, and data analysis.","[1] chunk_id=0; pages=[2]; quote=This qualitative study aims to describe the lived experience of women participating in the 'Maternity and Cultures' discussion group. || [2] chunk_id=2; pages=[6]; quote=We used Interpretative Phenomenological Analysis (Smith, 2003) complemented by discourse and content analysis. || [3] chunk_id=2; pages=[5]; quote=The sessions took place over two years, following the discussion group model established in the unit in 2015.","[[4, 5, 6], [1, 2, 3, 4], [5, 6, 7, 8], [20, 21, 22], [17, 18, 19]]","[1, 0, 2, 11, 9]",True,True,5,,batch_json_results/10.21203_rs.3.rs-8413859_v1.json,
10.3390_v17030381.pdf,preprint,review,3,The review presents a clear scope by emphasizing the importance of surveilling viral diseases in pigs and provides a structured synthesis of existing research and trends.,"[1] chunk_id=0; pages=[1]; quote=This comprehensive study evaluates the prevalence, outbreak dynamics, and public health implications of zoonotic viral diseases of pigs in India, providing valuable direction for developing effective control measures. || [2] chunk_id=7; pages=[12]; quote=The present review highlights the significant zoonotic risks posed by viral diseases in pigs in India, emphasizing the intricate interplay of epidemiology, genetic diversity, and public health concerns.","[[11, 12], [1, 2], [9, 10], [7, 8], [6, 7]]","[10, 0, 8, 6, 5]",True,True,5,,batch_json_results/10.3390_v17030381.json,
10.3390_v17060866.pdf,preprint,review,3,"The research objective is clear, focusing on the trafficking and activation mechanisms of henipavirus fusion proteins, and a comprehensive analysis of current knowledge is explicitly stated.",[1] chunk_id=0; pages=[1]; quote=the purpose of this review is to provide a comprehensive analysis of current knowledge regarding the distinctive trafficking and activation mechanisms of the F proteins of Henipaviruses || [2] chunk_id=1; pages=[2]; quote=Understanding the molecular mechanisms underlying HNV F protein function is crucial for developing effective therapeutic strategies,"[[1, 2], [4, 5], [10, 11, 12], [2, 3], [9, 10]]","[0, 3, 8, 1, 7]",True,True,5,,batch_json_results/10.3390_v17060866.json,
10.3390_v17071003.pdf,preprint,review,3,"The review clearly articulates its scope regarding diagnostics for HeV and NiV, and it systematically evaluates different methods, providing clear summaries of each diagnostic approach.",[1] chunk_id=8; pages=[8]; quote=This review highlighted the different diagnostic assays that have been developed for the detection of Henipaviruses and discussed the relative strengths and limitations of these assays. || [2] chunk_id=8; pages=[8]; quote=Vaccination represents an important component of an ideal control strategy for NiV and HeV. || [3] chunk_id=8; pages=[14]; quote=Molecular tests such as PCR remain the gold standard for the diagnosis of acute infection when infection is suspected.,"[[8, 9], [12, 13, 14], [8, 9, 10], [11, 12, 13], [13, 14, 15]]","[7, 12, 8, 11, 13]",True,True,5,,batch_json_results/10.3390_v17071003.json,
10.3390_v18010012.pdf,preprint,original research,3,"The research objective is clear and well-supported, stating the aim to determine the genetic evolution and pathogenicity of the H6N8 isolate. The methodology is explicitly detailed, allowing for reproducibility.","[1] chunk_id=0; pages=[2]; quote=here, we determined the genetic evolution of a novel H6N8 isolate and characterized the replication and pathogenicity ability in both chickens and mice. || [2] chunk_id=1; pages=[3]; quote=Twenty-five six 6-week-old white leghorn SPF chickens were intranasally inoculated with 106.0 EID50 of the JM642 virus in 0.2 mL. || [3] chunk_id=1; pages=[3]; quote=To evaluate the virulence of the virus, groups of five BALB/c mice were anesthetized with CO2 and inoculated intranasally with 10-fold serial dilutions of the virus.","[[2, 3], [3, 4], [1, 2], [14, 15], [4, 5, 6, 7, 8, 9, 10, 11, 12, 13]]","[1, 2, 0, 5, 3]",True,True,5,,batch_json_results/10.3390_v18010012.json,
10.3390_v18010013.pdf,preprint,original research,3,"The research objective is explicitly stated, focusing on the genetic features of influenza viruses and checking their congruence with WHO strains. Methodology is detailed, describing patient enrollment, data collection, and analysis methods.","[1] chunk_id=0; pages=[2]; quote=This study aims to investigate the genetic features of the hemagglutinin (HA) genes of influenza A(H1N1)pdm09, A(H3N2), and B/Victoria viruses circulating in Japan || [2] chunk_id=1; pages=[3]; quote=Patient recruitment took place between October 2023 and September 2024 across eight outpatient clinics situated in six prefectures || [3] chunk_id=2; pages=[5]; quote=Paired-end reads (~250 bp) were processed and assembled using CLC Genomics Workbench v24.0.1","[[2, 3, 4], [4, 5], [1, 2], [1, 2, 3], [12, 13, 14]]","[2, 3, 0, 1, 8]",True,True,5,,batch_json_results/10.3390_v18010013.json,
10.3390_v18010026.pdf,preprint,original research,3,"The study presents a clear objective regarding the epidemiology of respiratory viruses among SARI patients and provides a detailed methodology for the study design, data collection, and analytical techniques.","[1] chunk_id=2; pages=[4]; quote=Patients were enrolled based on the WHO criteria for SARI: acute respiratory illness with fever ≥ 38 ◦C, cough, and hospital admission. || [2] chunk_id=2; pages=[5]; quote=Statistical analyses were performed using SPSS version 28.0 and R version 4.3.1.","[[3, 4], [4, 5], [2, 3], [1, 2], [10, 11, 12, 13, 14]]","[2, 3, 1, 0, 7]",True,True,5,,batch_json_results/10.3390_v18010026.json,
10.3390_v18010117.pdf,preprint,original research,3,"The research objective is clearly stated and aligned with the methodology, which is detailed and includes sample sizes, experimental setup, controls, and analytical methods.","[1] chunk_id=1; pages=[2]; quote=Therefore, conducting sustained and in-depth localized molecular epidemiological studies on viruses is a crucial step in translating the theoretical risks of the ‘mixing vessel’ concept into specific prevention and control insights. || [2] chunk_id=2; pages=[3]; quote=In 2019, 200 porcine lung samples were obtained from swine herds exhibiting clinical signs of respiratory disease across multiple cities in Shandong Province. || [3] chunk_id=4; pages=[8]; quote=This study utilized SimPlot software (verison 3.5.1), with SD6591 as the query sequence, to conduct recombination analysis with the A/Wild duck/Korea/UP122/2007 strain.","[[3, 4], [2, 3], [5, 6, 7, 8, 9], [10, 11], [8, 9, 10]]","[2, 1, 4, 6, 5]",True,True,5,,batch_json_results/10.3390_v18010117.json,
10.3390_v18010128.pdf,preprint,review,3,"The review has a clear scope regarding the relationship between viral RNA structure and immune recognition, and it synthesizes existing knowledge effectively.","[1] chunk_id=0; pages=[2]; quote=this review discusses the complex and poorly understood relationship between viral RNA structure and recognition of RNA by PRRs || [2] chunk_id=1; pages=[3]; quote=our goal is to encourage future researchers to consider the dynamics of viral RNA sequence, structure, and modifications on RNA/PRR interactions","[[1, 2], [9, 10], [2, 3], [4, 5], [11, 12], [10, 11], [3, 4], [11]]","[0, 8, 1, 3, 11, 9, 2, 10]",False,True,8,,batch_json_results/10.3390_v18010128.json,
10.3390_v18030277.pdf,preprint,original research,3,"The study provides a clear objective to examine the recognition of SARS-CoV-2 variants by antibodies and their pathogenesis in an animal model, with detailed methodology outlined for experiments.","[1] chunk_id=1; pages=[2, 3]; quote=The present study describes two phenotypically distinct variants of SARS-CoV-2, differing by a mutation in the region of the genome encoding the NTD of the spike protein... || [2] chunk_id=5; pages=[6, 7]; quote=Viral RNA was isolated from the culture supernatant using the Extract RNA reagent (Eurogen, Moscow, Russia) followed by chloroform extraction. || [3] chunk_id=6; pages=[9, 10, 11]; quote=Syrian hamsters were used as a non-lethal animal model to assess the pathogenic properties of the Delta SARS-CoV-2 variants upon intranasal infection.","[[2, 3], [4, 5], [3, 4], [9, 10, 11], [6, 7, 8, 9]]","[1, 3, 2, 6, 5]",True,True,5,,batch_json_results/10.3390_v18030277.json,
10.3390_v18030280.pdf,preprint,original research,3,"The paper presents a clear research objective to develop a machine-learning model for classifying DENV serotypes, along with a detailed methodology that includes data acquisition, preprocessing, and model evaluation.","[1] chunk_id=1; pages=[2, 3]; quote=We developed and evaluated a machine-learning model to classify DENV serotypes (DENV-1–4) directly from nucleotide sequence data. || [2] chunk_id=2; pages=[3, 4]; quote=Cluster-aware train/test splits were constructed to ensure strict lineage independence.","[[4, 5], [5, 6, 7], [6, 7, 8, 9], [2, 3], [2, 3, 4]]","[3, 4, 5, 1, 2]",True,True,5,,batch_json_results/10.3390_v18030280.json,
10.3390_v18030282.pdf,preprint,original research,3,"The research objectives are clearly stated with a specific focus on wastewater surveillance, and the methodology is detailed enough for reproduction, including sampling and statistical analysis.","[1] chunk_id=1; pages=[2, 3]; quote=Implementing WBDS in rural settings could offer an efficient means to monitor local SARS-CoV-2 trends and inform public health officials and community members [11]. || [2] chunk_id=3; pages=[4]; quote=We applied a nonparametric correlation method to ascertain the association between clinical cases and wastewater SARS-CoV-2 RNA levels. || [3] chunk_id=2; pages=[3]; quote=Nucleic acids were extracted using the exclusion-based sample preparation (ESP) method.","[[3, 4], [2, 3], [4, 5], [6, 7, 8], [11, 12]]","[2, 1, 3, 5, 8]",True,True,5,,batch_json_results/10.3390_v18030282.json,
10.3390_v18030294.pdf,preprint,original research,3,"The research objective is clear and well-defined, focusing on the genomic characterization of Mali's first Mpox case. The methodology is explicit and detailed, outlining various techniques and analyses performed.","[1] chunk_id=0; pages=[1]; quote=We report Mali’s index Mpox case, which was clinically identified at the Mali–Guinea border by the national telemedicine center and confirmed by PCR. || [2] chunk_id=4; pages=[7]; quote=Time-resolved phylogenetic reconstruction and ancestral trait inference were performed with TreeTime v0.11.4.","[[2, 3], [3, 4, 5], [7, 8], [8, 9], [1, 2]]","[1, 2, 4, 5, 0]",True,True,5,,batch_json_results/10.3390_v18030294.json,
10.3390_v18030380.pdf,preprint,original research,3,"The research objective is clear, focusing on T-cell epitope prediction using a transformer-based framework. The methodology is explicit, detailing data sources, model architecture, and evaluation metrics.","[1] chunk_id=2; pages=[3]; quote=In this study, a transformer-based viroinformatics framework is proposed for the prediction of TCEs from Influenza A virus peptide sequences. || [2] chunk_id=5; pages=[7]; quote=Model performance is evaluated using a comprehensive set of binary classification metrics, including accuracy, precision, recall (sensitivity), specificity. || [3] chunk_id=4; pages=[5]; quote=The Transformer architecture leverages self-attention to model interactions between different residue positions within a peptide.","[[10, 11], [8, 9, 10], [5, 6, 7], [3, 4], [7, 8]]","[7, 6, 4, 2, 5]",True,True,5,,batch_json_results/10.3390_v18030380.json,
10.3390_v18030382.pdf,preprint,original research,3,"The research objective is clear and aligns with the methods employed. The methodology is detailed, covering the study design, data generation methods, and statistical analysis.","[1] chunk_id=1; pages=[2, 3]; quote=This study was conducted to systematically compare the susceptibility of cotton rats and BALB/c mice to RSV infection in the respiratory system and CNS, and to examine the associated pathological changes. || [2] chunk_id=6; pages=[9, 10, 11]; quote=The experimental unit was defined as a single animal. For both BALB/c mice and cotton rats, 6 animals per group (RSV-infected/PBS control). || [3] chunk_id=4; pages=[5, 6]; quote=qRT–PCR was performed on a CFX96 Touch™ Real–Time PCR Detection System (Bio-Rad Laboratories, Hercules, CA, USA) using the HiScript II One Step qRT–PCR Probe Kit.","[[3, 4], [2, 3], [16, 17], [5, 6], [4, 5], [9, 10, 11], [7, 8], [15, 16]]","[2, 1, 13, 4, 3, 8, 6, 12]",True,True,8,,batch_json_results/10.3390_v18030382.json,
10.21203_rs.3.rs-6801293_v1.pdf,preprint,original research,2,"The objectives are stated, but the connection between the research question and a detailed methodology is only partially clear. Important methodological aspects are discussed but lack sufficient specificity.",[1] chunk_id=0; pages=[1]; quote=This study aims to examine regional disparities and spatiotemporal dynamics in the allocation of Practicing (Assistant) Physicians || [2] chunk_id=2; pages=[3]; quote=This study uses data on Practicing (Assistant) Physicians from 31 provincial-level administrative regions in China covering the period from 2012 to 2022,"[[6, 7, 8], [5, 6, 7], [4, 5], [3, 4], [1, 2, 3]]","[4, 3, 2, 1, 0]",True,True,5,,batch_json_results/10.21203_rs.3.rs-6801293_v1.json,
10.21203_rs.3.rs-7651316_v1.pdf,preprint,original research,2,"The objectives are stated clearly, but while there is a description of methodology, some critical details about sampling and analysis are vague.",[1] chunk_id=1; pages=[3]; quote=Methods: We performed a population‑based retrospective study of EMS assignments in Region Stockholm (2017–2022).,"[[7, 8, 9, 10], [5, 6, 7], [13, 14, 15, 16], [1, 2, 3, 4], [3, 4, 5]]","[3, 2, 5, 0, 1]",True,True,5,,batch_json_results/10.21203_rs.3.rs-7651316_v1.json,
10.21203_rs.3.rs-7835411_v1.pdf,preprint,original research,2,"The objectives regarding Black fathers' experiences during COVID-19 are stated, but the methodology lacks certain details such as specific analytical techniques and sample size descriptions, particularly in regard to data analysis.",[1] chunk_id=6; pages=[10]; quote=Focus groups were transcribed verbatim and imported into NVivo 12.0 for data management and analysis. || [2] chunk_id=4; pages=[7]; quote=This study explored the structural barriers to paternal involvement and the emotional experiences of new and expectant Black fathers in the context of the COVID-19 pandemic.,"[[8, 9, 10], [10, 11, 12], [1, 2, 3, 4], [7, 8], [16, 17, 18]]","[5, 6, 0, 4, 11]",True,True,5,,batch_json_results/10.21203_rs.3.rs-7835411_v1.json,
10.21203_rs.3.rs-8222390_v1.pdf,preprint,original research,2,"The objectives are stated, emphasizing the assessment of 'the regional macroeconomic and environmental impacts of continuous energy efficiency improvements in Türkiye.' However, the methodology lacks explicit details such as analytical procedures and sample size.",[1] chunk_id=0; pages=[1]; quote=This study develops a recursive dynamic Türkiye Energy Nexus Subnational Computable General Equilibrium (T-EN) model to assess the regional macroeconomic and environmental impacts of continuous energy efficiency improvements in Türkiye. || [2] chunk_id=5; pages=[7]; quote=A key contribution of this study lies in the construction of a Multi-Regional Social Accounting Matrix (MRSAM) of the model that features a detailed disaggregation of the energy sectors.,"[[4, 5], [12, 13, 14], [15, 16], [7, 8, 9], [1, 2, 3]]","[2, 9, 11, 5, 0]",True,True,5,,batch_json_results/10.21203_rs.3.rs-8222390_v1.json,
10.21203_rs.3.rs-8335382_v1.pdf,preprint,original research,2,Original score 3 was downgraded to 2 because fewer than two valid verbatim evidence quotes were found.,"[1] chunk_id=2; pages=[7]; quote=Statistical analyses used Student’s t-test or Mann-Whitney U test for continuous data, and Chi-square or Fisher’s exact test for categorical data.","[[3, 4, 5], [9, 10, 11], [1, 2, 3, 4], [10, 11, 12], [5, 6, 7], [7, 8, 9], [12, 13, 14]]","[1, 4, 0, 5, 2, 3, 6]",False,True,7,,batch_json_results/10.21203_rs.3.rs-8335382_v1.json,
10.21203_rs.3.rs-8337580_v1.pdf,preprint,original research,2,"The objectives are stated, but the connection between the research question and methodology is partial. While there are descriptions of methods, key methodological details such as sample size and controls are missing.","[1] chunk_id=2; pages=[7, 8, 9]; quote=we used AP-MS to identify phage proteins that interact with this complex. || [2] chunk_id=12; pages=[26, 27]; quote=We enriched phages (PA phages) from sewage samples using PA14 as a host.","[[30, 31, 32], [28, 29, 30], [7, 8, 9], [31, 32, 33, 34, 35], [26, 27]]","[15, 14, 2, 16, 12]",True,True,5,,batch_json_results/10.21203_rs.3.rs-8337580_v1.json,
10.21203_rs.3.rs-8360439_v1.pdf,preprint,original research,2,"The research objectives are present but somewhat vague. Methodology is described, but lacks important details like specific sample sizes or controls.",[1] chunk_id=0; pages=[1]; quote=We propose new quantum algorithms for thermal and ground state preparation based on system-bath interactions. || [2] chunk_id=1; pages=[2]; quote=Our approach is a randomized system-bath interaction scheme that requires only forward evolution under the system Hamiltonian and a single reusable environment qubit.,"[[1, 2], [6, 7], [5, 6], [5], [2, 3], [7, 8], [7], [3, 4]]","[0, 6, 5, 4, 1, 8, 7, 2]",False,True,8,,batch_json_results/10.21203_rs.3.rs-8360439_v1.json,
10.21203_rs.3.rs-8394782_v1.pdf,preprint,original research,2,The research objectives and methodology are stated but lack some important details such as specific statistical methods used and potential controls.,"[1] chunk_id=0; pages=[1]; quote=This study aimed to examine the association between sociodemographic factors, diabetes mellitus, chronic low back pain, and sarcopenia among community-dwelling older adults in West Jakarta. || [2] chunk_id=1; pages=[3]; quote=Data were collected by trained investigators using structured questionnaires and standardized physical assessments. || [3] chunk_id=3; pages=[7]; quote=Statistical analysis used the Chi-square test.","[[3, 4, 5], [8, 9, 10], [1, 2, 3], [10, 11, 12], [7, 8, 9]]","[1, 4, 0, 5, 3]",True,True,5,,batch_json_results/10.21203_rs.3.rs-8394782_v1.json,
10.21203_rs.3.rs-8414528_v1.pdf,preprint,original research,2,"The objectives are implicit in the discussion of Tregs and their effects, but the methodology lacks key details such as sample size and controls.",[1] chunk_id=13; pages=[16]; quote=our study highlights an important sex difference regarding potential mechanism lacking in other studies || [2] chunk_id=4; pages=[6]; quote=RNA was isolated using the Quick-DNA/RNA Miniprep Plus Kit,"[[7, 8], [16, 17, 18], [6, 7], [5, 6], [19, 20, 21]]","[5, 13, 4, 3, 15]",True,True,5,,batch_json_results/10.21203_rs.3.rs-8414528_v1.json,
10.21203_rs.3.rs-8415709_v1.pdf,preprint,original research,2,Original score 3 was downgraded to 2 because fewer than two valid verbatim evidence quotes were found.,[1] chunk_id=0; pages=[1]; quote=The objective of the present study is to examine the levels of SARS-CoV-2 IgG antibody titres post COVID-19 vaccine in retinal vein occlusion (RVO) patients and in healthy control group.,"[[3, 4, 5], [7, 8, 9], [1, 2, 3], [4, 5, 6], [6, 7]]","[2, 5, 0, 3, 4]",True,True,5,,batch_json_results/10.21203_rs.3.rs-8415709_v1.json,
10.21203_rs.3.rs-8417069_v1.pdf,preprint,original research,2,"The objectives are stated, focusing on evaluating the combined effect of lime and gypsum on soil acidity and maize yield. However, while the methodology includes a range of treatments and data collection procedures, it lacks specific details on some key elements such as sample size or full analytical protocols.","[1] chunk_id=1; pages=[2, 3]; quote=Therefore, this study aimed to evaluate the combined effect of lime and gypsum application on ameliorating soil acidity and grain yield of maize in Hurumu district Southwest Ethiopia. || [2] chunk_id=2; pages=[4, 5]; quote=Treatments were laid out in a randomized complete block design (RCBD) with three replications.","[[4, 5], [2, 3, 4], [12, 13, 14], [14, 15, 16], [5, 6]]","[2, 1, 8, 9, 3]",True,True,5,,batch_json_results/10.21203_rs.3.rs-8417069_v1.json,
10.21203_rs.3.rs-8422136_v1.pdf,preprint,original research,2,"The research objective is partially clear, focusing on analyzing a CME event, but the methodology lacks important details and is not fully connected to the objective.","[1] chunk_id=0; pages=[1]; quote=we present a study of a fast coronal CME initially directed toward Mars, synthesizing observations from five space missions and employing three complementary modeling approaches.","[[13, 14], [6, 7], [1, 2, 3, 4, 5], [7, 8, 9], [4, 5, 6]]","[7, 2, 0, 3, 1]",True,True,5,,batch_json_results/10.21203_rs.3.rs-8422136_v1.json,
10.21203_rs.3.rs-8428476_v1.pdf,preprint,original research,2,"The objective is somewhat addressed, but the connection between the research question and methods lacks detail, particularly regarding sample size and controls.","[1] chunk_id=0; pages=[1]; quote=TFIID is instrumental in recognizing promoter sequences and initiating transcription, yet a cohesive understanding of how this complex interacts with and functions at different promoter types in vivo is still lacking. || [2] chunk_id=10; pages=[28]; quote=For each ChIP-nexus experiment, 107 Kc167 cells were fixed with 1% formaldehyde in culture media at room temperature for 10 min with rotation.","[[1, 2, 3], [17, 18, 19, 20, 21, 22, 23, 24], [32, 33, 34], [22, 23, 24, 25, 26, 27, 28], [28, 29, 30]]","[0, 9, 13, 10, 11]",True,True,5,,batch_json_results/10.21203_rs.3.rs-8428476_v1.json,
10.21203_rs.3.rs-8429398_v1.pdf,preprint,original research,2,"The objectives are stated, particularly the aim to describe a novel clinical presentation of LGMDR29. The methodology is described, but some important details, such as sample size and controls, are missing.",[1] chunk_id=0; pages=[1]; quote=This report aims to describe this novel clinical presentation. || [2] chunk_id=1; pages=[3]; quote=whole-exome sequencing (WES) testing was recommended.,"[[1, 2, 3], [3, 4], [4, 5, 6], [6, 7, 8, 9, 10], [8, 9, 10]]","[0, 1, 2, 3, 4]",True,True,5,,batch_json_results/10.21203_rs.3.rs-8429398_v1.json,
10.21203_rs.3.rs-8439843_v1.pdf,preprint,original research,2,Original score 3 was downgraded to 2 because fewer than two valid verbatim evidence quotes were found.,"[1] chunk_id=0; pages=[3]; quote=This study aimed to conduct exploratory surveys in eastern Arunachal Pradesh using sign surveys, camera trapping, and non-invasive genetic methods to investigate transboundary free-ranging large mammal species between India and China.","[[3, 4, 5], [1, 2, 3, 4], [6, 7, 8, 9], [5, 6, 7]]","[1, 0, 3, 2]",False,True,4,,batch_json_results/10.21203_rs.3.rs-8439843_v1.json,
10.21203_rs.3.rs-8448387_v1.pdf,preprint,original research,2,"The objectives are stated clearly, and the methodology is described; however, essential details on sample size and some methods lack clarity.","[1] chunk_id=0; pages=[1]; quote=the aim was to assess the prevalence of in uenza-like illness, health-seeking behaviour, vaccination uptake, preventive practices, and perceptions related to in uenza. || [2] chunk_id=2; pages=[4]; quote=The minimum required sample size was calculated using the single-proportion (prevalence) formula for cross-sectional surveys. || [3] chunk_id=2; pages=[4]; quote=A convenience sampling technique was employed, where participants who were readily accessible and willing to participate were included in the study. || [4] chunk_id=2; pages=[4]; quote=Data were downloaded as Microsoft Excel and analysed using IBM SPSS Statistics version 29.","[[3, 4], [4, 5, 6], [1, 2, 3], [7, 8, 9], [9, 10, 11]]","[2, 3, 0, 5, 6]",True,True,5,,batch_json_results/10.21203_rs.3.rs-8448387_v1.json,
10.3390_v18010001.pdf,preprint,review,2,"The objective is clear in addressing emerging viral outbreaks, but the methodology lacks detailed reference to the synthesis approach, making it only partially clear.","[1] chunk_id=0; pages=[2]; quote=These contributions underscore the imperative for integrated, interdisciplinary efforts in virology, emphasizing the rapid adaptation of vaccines and diagnostics amid evolving threats.","[[3, 4], [2, 3], [1, 2], [4, 5], [5]]","[2, 1, 0, 3, 4]",True,True,5,,batch_json_results/10.3390_v18010001.json,
10.3390_v18010043.pdf,preprint,original research,2,"The study identifies the efficacy of probenecid against filoviruses, but the methodology lacks some crucial detail on sample size and controls.","[1] chunk_id=0; pages=[1]; quote=In this study, probenecid was shown to inhibit the replication of infectious EBOV, SUDV, and MARV in Vero E6 cells, with IC50 Values of 3 µM, 8 µM, and 13 µM, respectively.","[[3, 4], [4, 5, 6], [2, 3], [1, 2], [6, 7]]","[2, 3, 1, 0, 4]",True,True,5,,batch_json_results/10.3390_v18010043.json,
10.3390_v18010091.pdf,preprint,original research,2,"The research objective is present, stating the evaluation of NONS against various viruses, but the methodology lacks some details needed for full clarity.",[1] chunk_id=4; pages=[6]; quote=This comprehensive assessment is important because most of these viruses replicate initially in the upper respiratory tract before disseminating to the lungs. || [2] chunk_id=3; pages=[4]; quote=The virucidal efficacy of the nitric oxide nasal formulation (NONS) was evaluated against a panel of respiratory viruses representing both enveloped and non-enveloped RNA viruses.,"[[4, 5], [3, 4], [5, 6], [2, 3], [6, 7, 8]]","[3, 2, 4, 1, 5]",True,True,5,,batch_json_results/10.3390_v18010091.json,
10.3390_v18010093.pdf,preprint,original research,2,"The objectives are present but lack explicit details on how the study was conducted. Methodological aspects are described but some details, such as controls, are insufficient.","[1] chunk_id=1; pages=[1, 2]; quote=our objectives were to (i) determine the prevalence and genetic characteristics of circulating IDV strains, (ii) reconstruct the timing and routes of introduction into China, and (iii) evaluate the evolutionary dynamics","[[5, 6], [1, 2, 3], [3, 4, 5], [6, 7], [10, 11, 12]]","[3, 1, 2, 4, 8]",True,True,5,,batch_json_results/10.3390_v18010093.json,
10.3390_v18010126.pdf,preprint,original research,2,"The objective of the systematic review is clear, focusing on RSV epidemiology, but some methodological details are vague and not fully detailed.","[1] chunk_id=1; pages=[2, 3]; quote=This systematic review, therefore, aims to map and synthesize existing evidence on RSV epidemiology in the FSU countries, focusing on prevalence estimates.","[[4, 5], [2, 3], [6, 7], [5, 6], [7, 8, 9, 10]]","[3, 1, 5, 4, 6]",True,True,5,,batch_json_results/10.3390_v18010126.json,
10.3390_v18010132.pdf,preprint,original research,2,"The research objectives are stated, but the connection to the methodology lacks sufficient detail about experimental design and data analysis procedures.","[1] chunk_id=0; pages=[1]; quote=Here, we investigate immune imprinting by comparing phage-display antibody libraries from WT-infected convalescents in early 2020 (WT-AbLib) and Omicron-infected convalescents in early 2023 (Omi-AbLib). || [2] chunk_id=2; pages=[3]; quote=The construction and screening of the phage antibody library followed previously established methods.","[[3, 4], [2, 3], [4, 5, 6], [9, 10, 11, 12], [1, 2]]","[2, 1, 3, 8, 0]",True,True,5,,batch_json_results/10.3390_v18010132.json,
10.3390_v18010136.pdf,preprint,original research,2,"The paper states a clear objective but lacks detailed methodological connections, such as specific sample sizes or controls.","[1] chunk_id=1; pages=[2]; quote=Accordingly, the aim of this study is to generate a comprehensive dataset of complete adenovirus genomes representing the breadth of viral subtypes circulating in Russia. || [2] chunk_id=2; pages=[3, 4]; quote=Samples were collected within the framework of the Global Influenza Hospital Surveillance Network (GIHSN) [19] during two consecutive years, 2023 and 2024.","[[3, 4], [2, 3], [4, 5, 6], [5, 6, 7, 8], [17, 18]]","[2, 1, 3, 4, 10]",True,True,5,,batch_json_results/10.3390_v18010136.json,
10.3390_v18010138.pdf,preprint,original research,2,"The objective is clearly stated as the analysis of the dynamics of SARS-CoV-2 variants in Kazakhstan, but methodological details are partially present and somewhat generic.",[1] chunk_id=0; pages=[2]; quote=the purpose of this study was to analyze the dynamics of the spread of SARS-CoV-2 virus variants in Kazakhstan in the period from 2020 to 2023 || [2] chunk_id=1; pages=[3]; quote=samples from individuals with symptoms of acute respiratory viral infections and COVID-19,"[[3, 4], [4, 5, 6], [2, 3], [7, 8, 9, 10, 11], [10, 11, 12, 13, 14]]","[2, 3, 1, 5, 6]",True,True,5,,batch_json_results/10.3390_v18010138.json,
10.3390_v18010145.pdf,preprint,original research,2,"The paper presents a research objective related to EV-mediated transmission of SARS-CoV-2, but the connection between the objective and methods is only partial. Methods are described in detail, but some clarity is lacking.",[1] chunk_id=0; pages=[4]; quote=The primary aim was to test whether EV-mediated transfer of SARS-CoV-2 replicon RNA could establish a stable replication system in human cells. || [2] chunk_id=0; pages=[6]; quote=EV purification was carried out by passing through Sephadex G-200 column in the tissue culture hood.,"[[7, 8], [3, 4], [5, 6], [4, 5], [6, 7]]","[6, 2, 4, 3, 5]",True,True,5,,batch_json_results/10.3390_v18010145.json,
10.3390_v18030279.pdf,preprint,original research,2,The study presents a clear objective but lacks sufficient detail in the methodology to fully understand how the research was conducted.,"[1] chunk_id=1; pages=[2]; quote=The aim of the present study is to apply the “Map-and-Mutate” strategy to the RNA-binding domain of the influenza virus NS1 protein (NS1-RBD) in order to identify novel targets for antiviral strategies. || [2] chunk_id=3; pages=[4]; quote=Using influenza A(H1N1)pdm09 as a model, we found that mutations at positions 102, 121, 171, 175, and 184 significantly impaired viral replication in vitro.","[[2, 3], [5, 6, 7], [6, 7, 8], [4, 5], [3, 4]]","[1, 4, 5, 3, 2]",True,True,5,,batch_json_results/10.3390_v18030279.json,
10.3390_v18030290.pdf,preprint,original research,2,"The study provides stated research objectives and a general description of methodologies, but lacks detailed connections between the research question and methods employed.","[1] chunk_id=0; pages=[1, 2]; quote=We here leverage the use of an SINV strain engineered to express a green fluorescent protein (SINV-GFP) as the basis for a high-content imaging, high-throughput screening (HTS) assay. || [2] chunk_id=2; pages=[3, 4]; quote=The concentration of infectious viral particles for each virus stock was determined using a standard plaque assay on Vero E6 cells.","[[3, 4], [2, 3], [6, 7, 8], [4, 5], [1, 2]]","[2, 1, 5, 3, 0]",True,True,5,,batch_json_results/10.3390_v18030290.json,
10.3390_v18030298.pdf,preprint,original research,2,The paper has a clear objective to address the dengue surveillance gap in Sierra Leone but lacks some methodological details like sample size and controls.,"[1] chunk_id=0; pages=[1]; quote=To address this gap, Sierra Leone implemented the Syndromic Sentinel Surveillance Strategies (4S) in June 2025. || [2] chunk_id=2; pages=[2]; quote=Building on its extensive experience in disease surveillance and control, CPHRL was selected as the national reference laboratory to test suspected cases.","[[2, 3, 4], [3, 4, 5], [1, 2, 3], [8, 9], [7, 8]]","[2, 3, 1, 7, 5]",True,True,5,,batch_json_results/10.3390_v18030298.json,
10.3390_v18030304.pdf,preprint,original research,2,The study outlines objectives related to the evaluation of small-molecule inhibitors of RSV but lacks comprehensive details on methodology such as sample sizes and specific controls.,"[1] chunk_id=6; pages=[9, 10]; quote=The Mini-NLuc-sfGFP system was employed to evaluate small molecules for antiviral activity against RSV. || [2] chunk_id=2; pages=[3, 4]; quote=The reporter gene is flanked by the RSV gene start (GS) and gene end (GE) sequences, which play a crucial role in regulating expression.","[[4, 5], [2, 3], [8, 9, 10, 11], [10, 11, 12], [3, 4]]","[3, 1, 6, 7, 2]",True,True,5,,batch_json_results/10.3390_v18030304.json,
10.3390_v18030317.pdf,preprint,original research,2,"The research objectives related to viral infection and host response are present, and some methodology is described; however, important details like sample size and controls are partially lacking.",[1] chunk_id=3; pages=[4]; quote=Viral titer determination and replication kinetics || [2] chunk_id=5; pages=[7]; quote=A549 cells were infected with virus at an MOI of 0.01.,"[[6, 7, 8], [4, 5], [5, 6], [3, 4], [8, 9, 10, 11]]","[5, 3, 4, 2, 7]",True,True,5,,batch_json_results/10.3390_v18030317.json,
10.3390_v18030374.pdf,preprint,original research,2,"The research objective is clear, focusing on identifying druggable host genes in H1N1 infection. However, while methodology is described, it lacks complete detail regarding controls and statistical analysis.","[1] chunk_id=1; pages=[2, 3]; quote=In this study, we employed genome-wide RNAi screening and identified 2134 host genes that affected cell viability after PR8 virus infection by over 40%. || [2] chunk_id=2; pages=[4, 5]; quote=We used cell death as the primary indicator to develop a genome-wide RNAi screening technique to identify host factors involved in IAV infection.","[[8, 9, 10], [2, 3], [14, 15], [6, 7, 8], [3, 4], [13, 14], [12, 13], [4, 5, 6, 7]]","[5, 1, 10, 4, 2, 9, 8, 3]",False,True,8,,batch_json_results/10.3390_v18030374.json,
10.3390_v18030393.pdf,preprint,original research,2,"The objectives regarding the classification of SARS-CoV-2 infections are stated, and while methodological details are present, some critical aspects such as complete validation processes are less clear.","[1] chunk_id=0; pages=[2, 3, 4]; quote=we describe multiple longitudinal analyses of 26 different cases of extended SARS-CoV-2 infection in cancer patients. || [2] chunk_id=0; pages=[2, 4, 5]; quote=To determine whether subjects have a sustained infection or were reinfected, a comprehensive phylogenetic analysis was performed.","[[3, 4, 5, 6], [2, 3, 4], [2, 3], [11, 12], [14]]","[3, 2, 1, 8, 11]",True,True,5,,batch_json_results/10.3390_v18030393.json,
10.3390_v16020179.pdf,preprint,original research,1,"The objectives or hypotheses are unclear, and the methodology lacks sufficient detail to understand how the study was conducted.","[1] chunk_id=0; pages=[7]; quote=Because human infection entails a limitation for viral survival and dissemination, natural selection favors the emergence and dominance of new viral variants able to expand the infectious range.","[[13, 14, 15, 16], [10, 11, 12], [12, 13, 14], [16, 17, 18], [7, 8, 9]]","[9, 7, 8, 10, 5]",True,True,5,,batch_json_results/10.3390_v16020179.json,
10.3390_v18010105.pdf,preprint,original research,1,"The objective is unclear, and though methodologies are present, they lack coherence and sufficient detail to understand how the study was conducted.","[1] chunk_id=0; pages=[2, 3]; quote=The role of SRR phosphorylation in Np chaperone function has not been directly tested.","[[7, 8], [8, 9], [13, 14], [3, 4], [14, 15, 16]]","[6, 7, 10, 2, 11]",True,True,5,,batch_json_results/10.3390_v18010105.json,
